Key,Summary,Description,Issue Type,Priority,Story Points,Component,Team,Duration,Dependencies,Status
TRAFFIC-81,Fix Security Issues (CRITICAL),Remove hardcoded credentials from code. Close CORS vulnerability (replace * with specific domains). Add input validation to all endpoints. No AI acceleration possible - requires manual code audit.,Task,Blocker,13,Security,Person 1 (Lead),1 week,None,Ready
TRAFFIC-2,Redis Streams Implementation (AI-Accelerated),Implement Redis Streams for message queuing. Handle 500K+ msgs/sec. AI tools: Generate consumer group patterns. Create 4-8 worker pool boilerplate. Auto-generate error handling.,Feature,Critical,13,Backend,Person 2,1.5 weeks,TRAFFIC-81,Ready
TRAFFIC-12,SQLAlchemy Connection Pooling (AI-Accelerated),Implement connection pooling (min=10 max=20). Replace per-request connections. AI tools: Generate pool configuration. Create connection lifecycle management. Auto-test under load.,Feature,Critical,13,Backend,Person 1,1.5 weeks,TRAFFIC-81,Ready
TRAFFIC-5,WebSocket Memory Leak Fix (AI-Accelerated),Remove infinite growth of connected_clients set. Implement heartbeat/timeout mechanism. Clean up on disconnect. AI tools: Generate reconnection logic. Create client state machine.,Bug,Critical,8,Backend,Person 2,1 week,TRAFFIC-2,Ready
TRAFFIC-6,WebSocket Performance Optimization (AI-Accelerated),Optimize message handling. Remove redundant DB queries. Batch operations. AI tools: Auto-generate batch processing patterns. Create connection lifecycle tests.,Feature,Critical,13,Backend,Person 2,1.5 weeks,TRAFFIC-5,Ready
TRAFFIC-34,Real-Time Alert System (AI-Accelerated),Replace polling with Redis Pub/Sub. <100ms alert delivery. AI tools: Generate Pub/Sub channel patterns. Create alert subscription logic. Auto-generate client listeners.,Feature,High,13,Backend,Person 1,1.5 weeks,TRAFFIC-2,Ready
TRAFFIC-15,Frontend Data Aggregation (AI-Accelerated),Stop sending raw points to frontend. Send hourly aggregates only (24 vs 86400 points). 99.97% data reduction. AI tools: Generate chart.js spline interpolation. Create data transformation layer.,Feature,High,13,Frontend,Person 1,1 week,TRAFFIC-34,Ready
TRAFFIC-56,Mobile App Foundation (AI-Accelerated),React Native project setup. GPS integration. Real-time WebSocket connection. Basic map display. Driving score visualization. AI tools: Generate React Native boilerplate. Create GPS service skeleton. Auto-generate WebSocket client.,Feature,High,16,Mobile,Person 2,2 weeks,TRAFFIC-2 + TRAFFIC-15,Ready
TRAFFIC-30,Dynamic IP Configuration (AI-Accelerated),Create /api/config endpoint. Frontend loads IP at startup (no hardcoding). Backend resolves server IP automatically. AI tools: Generate auto-discovery service. Create config endpoint test suite.,Feature,Medium,8,Backend,Person 1,1 week,TRAFFIC-12,Ready
TRAFFIC-35,Data Migration Planning (Manual),Design TimescaleDB schema (prepare for Phase 2). Create migration strategy document. Measure MySQL → TimescaleDB performance delta. NO implementation - just planning.,Task,Medium,5,Database,Person 1,0.5 week,None,Backlog